<?xml version="1.0" encoding="UTF-8"?>
<jcr:root xmlns:sling="http://sling.apache.org/jcr/sling/1.0" xmlns:cq="http://www.day.com/jcr/cq/1.0" xmlns:jcr="http://www.jcp.org/jcr/1.0" xmlns:nt="http://www.jcp.org/jcr/nt/1.0"
          jcr:primaryType="cq:Page">
    <jcr:content
        cq:doctype="html_5"
        cq:lastModified="{Date}2011-09-26T23:42:43.050+02:00"
        cq:lastModifiedBy="admin"
        jcr:primaryType="nt:unstructured"
        jcr:title="Geometrixx Demo Design"
        sling:resourceType="wcm/core/components/designer">
        <contentpage jcr:primaryType="nt:unstructured">
            <par
                jcr:lastModified="{Date}2010-11-30T09:53:19.494+01:00"
                jcr:lastModifiedBy="admin"
                jcr:primaryType="nt:unstructured"
                sling:resourceType="foundation/components/parsys"
                components="[/libs/foundation/components/carousel,/libs/foundation/components/chart,/libs/foundation/components/download,/libs/foundation/components/flash,/libs/foundation/components/image,/apps/geometrixx/components/list,/libs/foundation/components/mvt,/libs/foundation/components/reference,/libs/foundation/components/search,/libs/foundation/components/sitemap,/libs/foundation/components/slideshow,/libs/foundation/components/table,/libs/cq/tagging/components/tagcloud,/libs/foundation/components/text,/libs/foundation/components/textimage,/apps/geometrixx/components/title,/libs/foundation/components/video,/libs/collab/calendar/components/event,/libs/collab/commons/components/comments,/libs/collab/commons/components/feedlink,/libs/collab/commons/components/ratings,/libs/collab/commons/components/toggle,group:Columns,group:Form,group:Forum,/libs/cq/personalization/components/mygadgets]">
                <colctrl
                    jcr:primaryType="nt:unstructured"
                    sling:resourceType="foundation/components/parsys/colctrl"
                    layouts="2;cq-colctrl-lt0&#x9;2 Columns (50%, 50%)&#xa;3;cq-colctrl-lt1&#x9;3 Columns (33%, 33%, 33%)&#xa;4;cq-colctrl-lt2&#x9;4 Columns (16%, 16%, 16%, 33%)&#xa;4;cq-colctrl-lt3&#x9;4 Columns (25%, 25%, 25%, 25%)&#xa;5;cq-colctrl-lt4&#x9;5 Columns (20%, 20%, 20%, 20%, 20%)"/>
                <video
                    jcr:lastModified="{Date}2010-12-05T01:13:19.808+01:00"
                    jcr:lastModifiedBy="admin"
                    jcr:primaryType="nt:unstructured"
                    sling:resourceType="foundation/components/video"
                    height="394"
                    profiles="[hq,firefoxhq]"
                    width="700"/>
                <forum jcr:primaryType="nt:unstructured">
                    <searchbox
                        jcr:lastModified="{Date}2010-10-14T16:13:52.078+02:00"
                        jcr:lastModifiedBy="admin"
                        jcr:primaryType="nt:unstructured"
                        sling:resourceType="collab/forum/components/searchbox"
                        searchResultPath="/content/geometrixx/en/community/search"/>
                </forum>
                <textimage jcr:primaryType="nt:unstructured">
                    <cq:styles jcr:primaryType="nt:unstructured">
                        <imagealign
                            jcr:primaryType="nt:unstructured"
                            title="Image alignment">
                            <image_left
                                jcr:primaryType="nt:unstructured"
                                text="Left"/>
                            <image_right
                                jcr:primaryType="nt:unstructured"
                                text="Right"/>
                        </imagealign>
                    </cq:styles>
                </textimage>
                <text jcr:primaryType="nt:unstructured">
                    <cq:styles jcr:primaryType="nt:unstructured">
                        <texttype
                            jcr:primaryType="nt:unstructured"
                            title="Text Style">
                            <textsize_normal
                                jcr:primaryType="nt:unstructured"
                                text="Normal"
                                value=""/>
                            <text_large
                                jcr:primaryType="nt:unstructured"
                                text="Large"/>
                            <text_quote
                                jcr:primaryType="nt:unstructured"
                                text="Quote"/>
                        </texttype>
                        <spacer
                            jcr:primaryType="nt:unstructured"
                            title="Spacer">
                            <none
                                jcr:primaryType="nt:unstructured"
                                text="None"
                                value=""/>
                            <spacer_before
                                jcr:primaryType="nt:unstructured"
                                text="Before"/>
                            <spacer_after
                                jcr:primaryType="nt:unstructured"
                                text="After"/>
                            <spacer_both
                                jcr:primaryType="nt:unstructured"
                                text="Before and after"/>
                        </spacer>
                    </cq:styles>
                </text>
                <section jcr:primaryType="nt:unstructured"/>
            </par>

        </contentpage>

        <page jcr:primaryType="nt:unstructured">
            <image
                jcr:primaryType="nt:unstructured"
                maxHeight="270"
                maxWidth="700"/>
            <textimage
                jcr:primaryType="nt:unstructured"
                image_styles="image_left&#x9;Left aligned&#xd;&#xa;image_right&#x9;Right aligned"
                maxHeight="270"
                maxWidth="700"/>
            <text jcr:primaryType="nt:unstructured">
                <cq:styles jcr:primaryType="nt:unstructured">
                    <textsize
                        jcr:primaryType="nt:unstructured"
                        defaultValue="normal"
                        title="Text Size">
                        <small
                            jcr:primaryType="nt:unstructured"
                            text="Small"/>
                        <normal
                            jcr:primaryType="nt:unstructured"
                            text="Normal"/>
                        <large
                            jcr:primaryType="nt:unstructured"
                            text="Large"/>
                    </textsize>
                </cq:styles>
            </text>
            <logo
                jcr:lastModified="{Date}2010-08-19T18:23:43.667+02:00"
                jcr:lastModifiedBy="admin"
                jcr:primaryType="nt:unstructured"
                sling:resourceType="foundation/components/logo"
                div_x0020_img.margin="0"
                imageRotate="0">
                <image/>
            </logo>
            <breadcrumb
                jcr:lastModified="{Date}2010-08-25T17:09:12.782+02:00"
                jcr:lastModifiedBy="admin"
                jcr:primaryType="nt:unstructured"
                sling:resourceType="foundation/components/breadcrumb"
                absParent="2"
                delim="&amp;nbsp;&amp;raquo;&amp;nbsp;"
                relParent="1"
                trail="&amp;nbsp;&amp;raquo;&amp;nbsp;"/>
            <title
                jcr:lastModified="{Date}2010-08-25T17:55:33.411+02:00"
                jcr:lastModifiedBy="admin"
                jcr:primaryType="nt:unstructured"
                sling:resourceType="geometrixx/components/title"
                defaultType="extralarge">
                <titleimage/>
            </title>
            <toptoolbar
                jcr:lastModified="{Date}2010-08-25T22:41:18.208+02:00"
                jcr:lastModifiedBy="admin"
                jcr:primaryType="nt:unstructured"
                sling:resourceType="foundation/components/toolbar"
                list="true"
                toolbar="top"/>
            <toolbar
                jcr:lastModified="{Date}2010-08-25T22:45:03.342+02:00"
                jcr:lastModifiedBy="admin"
                jcr:primaryType="nt:unstructured"
                sling:resourceType="foundation/components/toolbar"
                list="true"
                toolbar="bottom"/>
            <par
                jcr:lastModified="{Date}2010-08-24T23:38:17.805+02:00"
                jcr:lastModifiedBy="admin"
                jcr:primaryType="nt:unstructured"
                sling:resourceType="foundation/components/parsys">
                <chart
                    jcr:primaryType="nt:unstructured"
                    bgColor="FFFFFF"
                    dataColors="94BF4A:4F960F:E7E7E7:444F55"
                    labelColor="444F55"
                    lineColor="444F55"/>
                <tagcloud
                    jcr:lastModified="{Date}2009-12-11T10:25:18.896+01:00"
                    jcr:lastModifiedBy="admin"
                    jcr:primaryType="nt:unstructured"
                    sling:resourceType="cq/tagging/components/tagcloud"
                    linkTemplate="/content/geometrixx/en/toolbar/search.html?tag=${tagid}&amp;path=${searchpath}"
                    showOnlyLeafTags="true"/>
                <title
                    jcr:lastModified="{Date}2010-08-25T17:56:27.191+02:00"
                    jcr:lastModifiedBy="admin"
                    jcr:primaryType="nt:unstructured"
                    sling:resourceType="geometrixx/components/title"
                    defaultType="small"/>
            </par>
            <userinfo
                jcr:lastModified="{Date}2010-09-29T14:35:32.984+02:00"
                jcr:lastModifiedBy="admin"
                jcr:primaryType="nt:unstructured"
                sling:resourceType="foundation/components/userinfo"
                loginPage="/content/geometrixx/en/toolbar/account/login"
                profilePage="/content/geometrixx/en/toolbar/profiles/view"
                signupPage="/content/geometrixx/en/toolbar/account/register"/>
        </page>
    </jcr:content>
    <clientlibs/>
    <favicon.ico/>
    <static.css/>
</jcr:root>
